Block Size,Insertion Sort Best Case (ms),Insertion Sort Worst Case (ms),Selection Sort Best Case (ms),Selection Sort Worst Case (ms)
100,0.00,0.00,0.00,0.00
200,0.00,0.00,0.00,0.00
300,0.00,0.00,0.00,0.00
400,0.00,0.00,0.00,0.00
500,0.00,0.00,0.00,0.00
600,0.00,0.00,0.00,0.00
700,0.00,0.00,0.00,0.00
800,0.00,0.00,8.00,0.00
900,0.00,0.00,0.00,0.00
1000,0.00,0.00,0.00,8.00
1100,0.00,1.00,0.00,0.00
1200,0.00,8.00,2.00,4.00
1300,0.00,4.00,2.00,4.00
1400,0.00,0.00,8.00,0.00
1500,0.00,9.00,0.00,10.00
1600,0.00,0.00,6.00,0.00
1700,0.00,9.00,8.00,0.00
1800,0.00,8.00,9.00,0.00
1900,0.00,8.00,9.00,0.00
2000,0.00,1.00,8.00,8.00
2100,0.00,9.00,8.00,8.00
2200,0.00,9.00,16.00,7.00
2300,0.00,9.00,8.00,16.00
2400,0.00,8.00,8.00,9.00
2500,0.00,8.00,8.00,8.00
2600,0.00,17.00,8.00,17.00
2700,0.00,21.00,20.00,18.00
2800,0.00,29.00,19.00,24.00
2900,0.00,25.00,24.00,25.00
3000,0.00,25.00,29.00,29.00
3100,0.00,24.00,33.00,24.00
3200,0.00,29.00,29.00,24.00
3300,0.00,33.00,26.00,15.00
3400,0.00,34.00,24.00,16.00
3500,0.00,20.00,25.00,21.00
3600,0.00,23.00,24.00,25.00
3700,0.00,41.00,25.00,24.00
3800,0.00,36.00,30.00,8.00
3900,0.00,16.00,25.00,17.00
4000,0.00,26.00,16.00,34.00
4100,0.00,41.00,34.00,16.00
4200,0.00,45.00,26.00,26.00
4300,0.00,25.00,32.00,33.00
4400,0.00,49.00,33.00,25.00
4500,0.00,24.00,34.00,25.00
4600,0.00,32.00,34.00,34.00
4700,0.00,49.00,65.00,42.00
4800,0.00,33.00,25.00,34.00
4900,0.00,30.00,33.00,25.00
5000,0.00,33.00,33.00,25.00
5100,0.00,51.00,67.00,56.00
5200,0.00,48.00,60.00,50.00
5300,0.00,49.00,34.00,33.00
5400,0.00,47.00,53.00,50.00
5500,0.00,61.00,38.00,49.00
5600,0.00,49.00,43.00,40.00
5700,0.00,55.00,55.00,50.00
5800,0.00,83.00,48.00,50.00
5900,0.00,50.00,58.00,41.00
6000,0.00,46.00,58.00,49.00
6100,0.00,58.00,56.00,41.00
6200,0.00,67.00,57.00,58.00
6300,0.00,49.00,67.00,115.00
6400,0.00,74.00,100.00,100.00
6500,0.00,82.00,82.00,116.00
6600,0.00,74.00,57.00,50.00
6700,0.00,58.00,74.00,50.00
6800,0.00,84.00,113.00,84.00
6900,0.00,121.00,69.00,58.00
7000,0.00,74.00,73.00,60.00
7100,0.00,83.00,101.00,91.00
7200,0.00,99.00,98.00,66.00
7300,0.00,110.00,90.00,75.00
7400,0.00,90.00,73.00,63.00
7500,0.00,94.00,110.00,119.00
7600,0.00,165.00,122.00,139.00
7700,0.00,164.00,156.00,107.00
7800,0.00,92.00,91.00,110.00
7900,0.00,97.00,116.00,74.00
8000,0.00,149.00,141.00,105.00
8100,0.00,92.00,91.00,75.00
8200,0.00,98.00,90.00,99.00
8300,0.00,108.00,82.00,83.00
8400,0.00,100.00,100.00,99.00
8500,0.00,100.00,100.00,104.00
8600,0.00,108.00,109.00,119.00
8700,0.00,113.00,122.00,92.00
8800,0.00,108.00,106.00,140.00
8900,0.00,121.00,116.00,99.00
9000,0.00,116.00,132.00,149.00
9100,0.00,112.00,123.00,134.00
9200,0.00,153.00,167.00,108.00
9300,0.00,142.00,169.00,211.00
9400,0.00,221.00,214.00,230.00
9500,0.00,237.00,141.00,133.00
9600,0.00,182.00,128.00,122.00
9700,0.00,208.00,124.00,133.00
9800,0.00,223.00,202.00,134.00
9900,0.00,208.00,154.00,140.00
10000,0.00,155.00,166.00,155.00
10100,0.00,222.00,166.00,158.00
10200,0.00,163.00,151.00,181.00
10300,0.00,149.00,150.00,116.00
10400,0.00,154.00,196.00,158.00
10500,0.00,421.00,490.00,453.00
10600,0.00,546.00,522.00,480.00
10700,8.00,547.00,530.00,482.00
10800,0.00,558.00,525.00,468.00
10900,0.00,409.00,286.00,478.00
11000,0.00,526.00,546.00,515.00
11100,0.00,495.00,512.00,461.00
11200,0.00,206.00,202.00,195.00
11300,0.00,210.00,203.00,164.00
11400,0.00,187.00,207.00,297.00
11500,0.00,232.00,192.00,147.00
11600,0.00,251.00,267.00,274.00
11700,0.00,318.00,225.00,205.00
11800,0.00,232.00,244.00,221.00
11900,0.00,240.00,190.00,150.00
12000,0.00,224.00,238.00,180.00
12100,0.00,242.00,222.00,183.00
12200,0.00,241.00,298.00,191.00
12300,0.00,224.00,223.00,256.00
12400,0.00,248.00,257.00,214.00
12500,0.00,274.00,291.00,222.00
12600,0.00,251.00,236.00,178.00
12700,0.00,241.00,246.00,199.00
12800,0.00,241.00,208.00,224.00
12900,0.00,281.00,230.00,207.00
13000,0.00,238.00,291.00,339.00
13100,0.00,373.00,265.00,280.00
13200,0.00,365.00,270.00,349.00
13300,0.00,356.00,679.00,333.00
13400,0.00,409.00,508.00,441.00
13500,0.00,371.00,535.00,586.00
13600,0.00,652.00,779.00,665.00
13700,0.00,747.00,729.00,670.00
13800,0.00,610.00,797.00,563.00
13900,0.00,794.00,821.00,688.00
14000,0.00,807.00,837.00,731.00
14100,0.00,810.00,827.00,722.00
14200,0.00,862.00,871.00,756.00
14300,0.00,876.00,842.00,735.00
14400,0.00,855.00,872.00,766.00
14500,0.00,889.00,911.00,560.00
14600,0.00,411.00,909.00,836.00
14700,0.00,929.00,903.00,827.00
14800,0.00,345.00,281.00,348.00
14900,0.00,357.00,348.00,390.00
15000,0.00,320.00,309.00,262.00
15100,0.00,294.00,348.00,284.00
15200,0.00,321.00,372.00,389.00
15300,0.00,412.00,388.00,332.00
15400,0.00,380.00,397.00,330.00
15500,0.00,365.00,356.00,345.00
15600,0.00,364.00,372.00,274.00
15700,0.00,352.00,332.00,331.00
15800,0.00,389.00,319.00,253.00
15900,0.00,286.00,270.00,242.00
16000,0.00,276.00,264.00,246.00
16100,2.00,269.00,265.00,245.00
16200,1.00,283.00,275.00,247.00
16300,1.00,276.00,283.00,240.00
16400,0.00,266.00,271.00,241.00
16500,0.00,276.00,271.00,245.00
16600,0.00,283.00,274.00,247.00
16700,0.00,277.00,278.00,249.00
16800,0.00,282.00,282.00,253.00
16900,0.00,286.00,286.00,257.00
17000,0.00,285.00,287.00,267.00
17100,0.00,288.00,290.00,263.00
17200,0.00,292.00,292.00,268.00
17300,0.00,296.00,298.00,268.00
17400,0.00,298.00,309.00,276.00
17500,0.00,301.00,308.00,277.00
17600,0.00,311.00,309.00,279.00
17700,0.00,309.00,311.00,282.00
17800,0.00,311.00,317.00,285.00
17900,0.00,315.00,322.00,287.00
18000,0.00,326.00,331.00,295.00
18100,0.00,342.00,329.00,306.00
18200,0.00,328.00,327.00,299.00
18300,0.00,331.00,332.00,303.00
18400,0.00,336.00,335.00,304.00
18500,0.00,342.00,343.00,315.00
18600,0.00,351.00,345.00,311.00
18700,0.00,352.00,355.00,319.00
18800,0.00,356.00,355.00,325.00
18900,1.00,352.00,354.00,346.00
19000,0.00,360.00,358.00,324.00
19100,0.00,365.00,363.00,334.00
19200,0.00,363.00,366.00,331.00
19300,0.00,376.00,372.00,341.00
19400,0.00,385.00,378.00,347.00
19500,0.00,376.00,378.00,340.00
19600,0.00,378.00,382.00,344.00
19700,0.00,382.00,385.00,348.00
19800,0.00,385.00,389.00,350.00
19900,0.00,389.00,395.00,355.00
20000,0.00,399.00,397.00,360.00
20100,0.00,399.00,400.00,363.00
20200,0.00,403.00,404.00,367.00
20300,0.00,406.00,409.00,380.00
20400,0.00,409.00,415.00,373.00
20500,1.00,413.00,416.00,380.00
20600,0.00,418.00,423.00,382.00
20700,0.00,426.00,425.00,385.00
20800,0.00,427.00,432.00,390.00
20900,0.00,439.00,433.00,393.00
21000,0.00,435.00,438.00,396.00
21100,0.00,452.00,442.00,399.00
21200,0.00,442.00,449.00,404.00
21300,0.00,447.00,455.00,407.00
21400,0.00,451.00,456.00,418.00
21500,0.00,460.00,461.00,414.00
21600,0.00,463.00,462.00,418.00
21700,0.00,471.00,468.00,421.00
21800,0.00,469.00,471.00,426.00
21900,0.00,508.00,475.00,432.00
22000,1.00,475.00,481.00,433.00
22100,0.00,482.00,485.00,438.00
22200,0.00,495.00,489.00,442.00
22300,0.00,492.00,494.00,446.00
22400,0.00,504.00,497.00,453.00
22500,1.00,500.00,501.00,453.00
22600,0.00,504.00,513.00,458.00
22700,0.00,511.00,512.00,464.00
22800,0.00,524.00,515.00,466.00
22900,0.00,517.00,519.00,480.00
23000,0.00,522.00,525.00,476.00
23100,0.00,525.00,528.00,484.00
23200,0.00,529.00,539.00,484.00
23300,0.00,534.00,538.00,488.00
23400,0.00,538.00,542.00,490.00
23500,0.00,563.00,555.00,501.00
23600,0.00,547.00,553.00,500.00
23700,0.00,557.00,556.00,503.00
23800,0.00,559.00,562.00,513.00
23900,0.00,587.00,568.00,511.00
24000,0.00,571.00,569.00,517.00
24100,0.00,570.00,576.00,520.00
24200,0.00,577.00,579.00,527.00
24300,0.00,581.00,585.00,531.00
24400,0.00,600.00,589.00,538.00
24500,0.00,596.00,605.00,547.00
24600,0.00,594.00,600.00,549.00
24700,0.00,601.00,605.00,555.00
24800,0.00,613.00,610.00,551.00
24900,0.00,623.00,614.00,565.00
25000,0.00,615.00,620.00,560.00
25100,0.00,624.00,625.00,570.00
25200,0.00,626.00,630.00,569.00
25300,0.00,633.00,633.00,575.00
25400,0.00,636.00,641.00,580.00
25500,0.00,641.00,643.00,583.00
25600,1.00,651.00,650.00,589.00
25700,0.00,652.00,654.00,593.00
25800,1.00,669.00,660.00,597.00
25900,0.00,658.00,665.00,602.00
26000,0.00,663.00,668.00,606.00
26100,0.00,673.00,679.00,615.00
26200,0.00,680.00,681.00,615.00
26300,0.00,684.00,686.00,627.00
26400,0.00,702.00,691.00,626.00
26500,0.00,690.00,695.00,631.00
26600,0.00,708.00,703.00,638.00
26700,0.00,707.00,705.00,639.00
26800,0.00,707.00,712.00,644.00
26900,0.00,711.00,719.00,651.00
27000,0.00,725.00,723.00,652.00
27100,1.00,726.00,727.00,658.00
27200,0.00,728.00,733.00,663.00
27300,0.00,735.00,738.00,669.00
27400,0.00,747.00,747.00,673.00
27500,0.00,757.00,747.00,677.00
27600,0.00,760.00,757.00,681.00
27700,0.00,754.00,762.00,687.00
27800,0.00,768.00,768.00,694.00
27900,0.00,765.00,771.00,698.00
28000,0.00,771.00,777.00,704.00
28100,0.00,796.00,785.00,709.00
28200,0.00,786.00,787.00,713.00
28300,0.00,789.00,826.00,720.00
28400,0.00,793.00,797.00,723.00
28500,0.00,799.00,802.00,728.00
28600,0.00,806.00,826.00,741.00
28700,0.00,816.00,843.00,742.00
28800,0.00,819.00,825.00,744.00
28900,0.00,830.00,831.00,752.00
29000,0.00,828.00,834.00,756.00
29100,0.00,857.00,842.00,800.00
29200,0.00,839.00,844.00,765.00
29300,0.00,845.00,851.00,771.00
29400,0.00,874.00,913.00,928.00
29500,0.00,942.00,908.00,787.00
29600,1.00,868.00,871.00,805.00
29700,0.00,869.00,875.00,792.00
29800,0.00,873.00,882.00,804.00
29900,0.00,881.00,894.00,805.00
30000,0.00,898.00,892.00,817.00
30100,1.00,934.00,909.00,815.00
30200,1.00,899.00,920.00,881.00
30300,0.00,999.00,1035.00,877.00
30400,0.00,981.00,962.00,898.00
30500,0.00,972.00,935.00,835.00
30600,0.00,928.00,930.00,849.00
30700,0.00,936.00,935.00,846.00
30800,0.00,933.00,947.00,853.00
30900,1.00,953.00,1153.00,1195.00
31000,0.00,1200.00,1140.00,1001.00
31100,0.00,1158.00,1087.00,1034.00
31200,0.00,1041.00,1053.00,967.00
31300,0.00,1074.00,1064.00,958.00
31400,0.00,1107.00,1069.00,977.00
31500,0.00,1083.00,1089.00,987.00
31600,0.00,1180.00,1088.00,965.00
31700,0.00,1040.00,1032.00,959.00
31800,0.00,1021.00,1014.00,941.00
31900,0.00,1037.00,1037.00,971.00
32000,0.00,1152.00,1045.00,941.00
32100,0.00,1093.00,1047.00,990.00
32200,0.00,1109.00,1123.00,966.00
32300,0.00,1029.00,1039.00,963.00
32400,0.00,1042.00,1026.00,930.00
32500,0.00,1028.00,1030.00,938.00
32600,0.00,1036.00,1050.00,967.00
32700,0.00,1107.00,1044.00,947.00
32800,0.00,1066.00,1422.00,1341.00
32900,0.00,1144.00,1121.00,997.00
33000,0.00,1112.00,1141.00,1055.00
33100,0.00,1141.00,1122.00,1045.00
33200,0.00,1141.00,1182.00,1083.00
33300,0.00,1184.00,1175.00,1106.00
33400,0.00,1287.00,1227.00,1109.00
33500,0.00,1258.00,1201.00,1093.00
33600,0.00,1214.00,1201.00,1159.00
33700,0.00,1253.00,1366.00,1146.00
33800,0.00,1241.00,1356.00,1177.00
33900,0.00,1440.00,1373.00,1184.00
34000,0.00,1305.00,1374.00,1158.00
34100,0.00,1300.00,1388.00,1285.00
34200,0.00,1392.00,1314.00,1125.00
34300,0.00,1597.00,1562.00,1485.00
34400,0.00,1365.00,1327.00,1154.00
34500,0.00,1227.00,1218.00,1282.00
34600,1.00,1348.00,1299.00,1250.00
34700,0.00,1535.00,1320.00,1422.00
34800,1.00,1362.00,1395.00,1363.00
34900,1.00,1429.00,1363.00,1273.00
35000,0.00,1346.00,1505.00,1252.00
35100,0.00,1519.00,1434.00,1221.00
35200,0.00,1352.00,1389.00,1337.00
35300,0.00,1681.00,1491.00,1826.00
35400,0.00,1917.00,1462.00,1191.00
35500,0.00,1337.00,1362.00,1240.00
35600,0.00,1364.00,1388.00,1347.00
35700,0.00,1579.00,1470.00,1360.00
35800,0.00,1517.00,1367.00,1229.00
35900,0.00,1383.00,1381.00,1200.00
36000,0.00,1383.00,1352.00,1242.00
36100,0.00,1402.00,1357.00,1222.00
36200,0.00,1359.00,1354.00,1238.00
36300,0.00,1333.00,1326.00,1212.00
36400,0.00,1356.00,1345.00,1203.00
36500,0.00,1298.00,1308.00,1197.00
36600,0.00,1307.00,1314.00,1193.00
36700,0.00,1337.00,1326.00,1195.00
36800,0.00,1321.00,1336.00,1250.00
36900,0.00,1705.00,1374.00,1212.00
37000,0.00,1358.00,1343.00,1216.00
37100,0.00,1355.00,1356.00,1227.00
37200,0.00,1348.00,1355.00,1228.00
37300,0.00,1382.00,1366.00,1258.00
37400,0.00,1367.00,1414.00,1311.00
37500,1.00,1465.00,1379.00,1242.00
37600,0.00,1403.00,1388.00,1252.00
37700,0.00,1432.00,1415.00,1264.00
37800,0.00,1452.00,1398.00,1277.00
37900,0.00,1411.00,1405.00,1276.00
38000,0.00,1401.00,1410.00,1277.00
38100,1.00,1410.00,1420.00,1285.00
38200,0.00,1428.00,1427.00,1289.00
38300,1.00,1454.00,1463.00,1361.00
38400,1.00,1479.00,1482.00,1367.00
38500,0.00,1457.00,1446.00,1311.00
38600,0.00,1510.00,1459.00,1374.00
38700,0.00,1469.00,1494.00,1341.00
38800,0.00,1513.00,1498.00,1349.00
38900,0.00,1495.00,1504.00,1361.00
39000,0.00,1498.00,1508.00,1389.00
39100,0.00,1551.00,1514.00,1370.00
39200,0.00,1510.00,1518.00,1381.00
39300,0.00,1529.00,1536.00,1384.00
39400,0.00,1527.00,1538.00,1402.00
39500,0.00,1612.00,1546.00,1396.00
39600,0.00,1544.00,1549.00,1405.00
39700,0.00,1565.00,1579.00,1423.00
39800,0.00,1560.00,1573.00,1419.00
39900,0.00,1567.00,1573.00,1425.00
40000,0.00,1575.00,1585.00,1437.00
40100,0.00,1580.00,1588.00,1439.00
40200,0.00,1645.00,1601.00,1452.00
40300,0.00,1604.00,1604.00,1457.00
40400,0.00,1619.00,1616.00,1462.00
40500,0.00,1614.00,1620.00,1512.00
40600,0.00,1641.00,1646.00,1504.00
40700,0.00,1639.00,1643.00,1481.00
40800,0.00,1638.00,1646.00,1491.00
40900,0.00,1647.00,1652.00,1497.00
41000,0.00,1662.00,1670.00,1532.00
41100,0.00,1707.00,1684.00,1513.00
41200,0.00,1702.00,1684.00,1522.00
41300,0.00,1718.00,1686.00,1526.00
41400,0.00,1689.00,1697.00,1560.00
41500,0.00,1693.00,1704.00,1541.00
41600,0.00,1703.00,1743.00,1558.00
41700,0.00,1712.00,1724.00,1555.00
41800,0.00,1740.00,1768.00,1563.00
41900,0.00,1724.00,1736.00,1571.00
42000,0.00,1752.00,1746.00,1582.00
42100,0.00,1742.00,1759.00,1594.00
42200,0.00,1766.00,1770.00,1615.00
42300,0.00,1773.00,1781.00,1608.00
42400,0.00,1769.00,1779.00,1615.00
42500,0.00,1776.00,1784.00,1615.00
42600,0.00,1858.00,1795.00,1626.00
42700,0.00,1845.00,1802.00,1644.00
42800,0.00,1820.00,1819.00,1650.00
42900,0.00,1811.00,1819.00,1651.00
43000,1.00,1822.00,1828.00,1655.00
43100,0.00,1851.00,1838.00,1679.00
43200,0.00,1849.00,1849.00,1670.00
43300,0.00,1843.00,1855.00,1687.00
43400,0.00,1860.00,1862.00,1688.00
43500,0.00,1875.00,1872.00,1700.00
43600,0.00,1869.00,1877.00,1701.00
43700,0.00,1911.00,1905.00,1737.00
43800,1.00,1921.00,1904.00,1741.00
43900,0.00,1904.00,1921.00,1743.00
44000,0.00,1931.00,1914.00,1742.00
44100,0.00,1948.00,1922.00,1740.00
44200,0.00,1929.00,1952.00,1753.00
44300,0.00,1935.00,1962.00,1782.00
44400,1.00,1996.00,1982.00,1775.00
44500,0.00,1974.00,1960.00,1776.00
44600,0.00,1958.00,1968.00,1794.00
44700,0.00,1965.00,1976.00,1790.00
44800,0.00,2027.00,2002.00,1806.00
44900,0.00,1982.00,1994.00,1823.00
45000,0.00,2020.00,2006.00,1824.00
45100,0.00,2094.00,2016.00,1845.00
45200,0.00,2009.00,2021.00,1834.00
45300,0.00,2023.00,2028.00,1840.00
45400,1.00,2025.00,2038.00,1847.00
45500,0.00,2059.00,2046.00,1857.00
45600,0.00,2081.00,2057.00,1862.00
45700,0.00,2106.00,2064.00,1892.00
45800,0.00,2061.00,2070.00,1877.00
45900,0.00,2073.00,2081.00,1889.00
46000,0.00,2127.00,2092.00,1917.00
46100,0.00,2119.00,2136.00,1912.00
46200,0.00,2124.00,2114.00,1912.00
46300,0.00,2124.00,2119.00,1928.00
46400,0.00,2121.00,2190.00,1960.00
46500,0.00,2135.00,2139.00,1938.00
46600,0.00,2150.00,2152.00,1949.00
46700,0.00,2146.00,2155.00,1952.00
46800,0.00,2153.00,2164.00,1966.00
46900,0.00,2169.00,2174.00,1986.00
47000,0.00,2213.00,2186.00,1979.00
47100,0.00,2190.00,2198.00,1988.00
47200,0.00,2193.00,2206.00,1996.00
47300,1.00,2205.00,2212.00,2004.00
47400,0.00,2215.00,2232.00,2014.00
47500,0.00,2253.00,2233.00,2032.00
47600,0.00,2305.00,2238.00,2027.00
47700,0.00,2238.00,2251.00,2034.00
47800,0.00,2264.00,2260.00,2044.00
47900,0.00,2272.00,2268.00,2057.00
48000,0.00,2275.00,2280.00,2061.00
48100,0.00,2279.00,2290.00,2069.00
48200,0.00,2286.00,2297.00,2078.00
48300,0.00,2296.00,2331.00,2091.00
48400,0.00,2303.00,2315.00,2096.00
48500,0.00,2338.00,2326.00,2103.00
48600,0.00,2328.00,2374.00,2137.00
48700,0.00,2390.00,2344.00,2168.00
48800,0.00,2405.00,2357.00,2137.00
48900,0.00,2380.00,2371.00,2147.00
49000,1.00,2361.00,2374.00,2201.00
49100,0.00,2436.00,2397.00,2176.00
49200,0.00,2393.00,2408.00,2167.00
49300,0.00,2391.00,2402.00,2176.00
49400,0.00,2397.00,2415.00,2184.00
49500,0.00,2408.00,2425.00,2194.00
49600,0.00,2416.00,2442.00,2228.00
49700,0.00,2430.00,2445.00,2226.00
49800,1.00,2441.00,2456.00,2225.00
49900,0.00,2463.00,2478.00,2260.00
50000,0.00,2505.00,2471.00,2258.00
50100,0.00,2496.00,2480.00,2245.00
50200,0.00,2479.00,2490.00,2255.00
50300,0.00,2488.00,2504.00,2265.00
50400,0.00,2499.00,2512.00,2295.00
50500,0.00,2524.00,2533.00,2314.00
50600,1.00,2545.00,2530.00,2297.00
50700,0.00,2525.00,2555.00,2370.00
50800,0.00,2541.00,2548.00,2331.00
50900,0.00,2560.00,2559.00,2320.00
51000,0.00,2595.00,2593.00,2332.00
51100,0.00,2567.00,2579.00,2337.00
51200,0.00,2578.00,2649.00,2366.00
51300,1.00,2601.00,2607.00,2371.00
51400,0.00,2642.00,2618.00,2372.00
51500,0.00,2608.00,2622.00,2372.00
51600,0.00,2619.00,2634.00,2383.00
51700,0.00,2664.00,2659.00,2396.00
51800,0.00,2650.00,2656.00,2401.00
51900,0.00,2661.00,2665.00,2410.00
52000,0.00,2754.00,2675.00,2433.00
52100,0.00,2698.00,2686.00,2435.00
52200,1.00,2698.00,2696.00,2441.00
52300,0.00,2692.00,2708.00,2446.00
52400,1.00,2701.00,2714.00,2470.00
52500,0.00,2717.00,2726.00,2472.00
52600,1.00,2746.00,2745.00,2516.00
52700,0.00,2784.00,2754.00,2490.00
52800,0.00,2763.00,2782.00,2504.00
52900,0.00,2759.00,2777.00,2545.00
53000,0.00,2816.00,2843.00,2520.00
53100,0.00,2787.00,2791.00,2532.00
53200,0.00,2798.00,2818.00,2534.00
53300,0.00,2798.00,2807.00,2543.00
53400,0.00,2808.00,2835.00,2556.00
53500,0.00,2818.00,2829.00,2573.00
53600,0.00,2864.00,2838.00,2585.00
53700,0.00,2840.00,2852.00,2590.00
53800,0.00,2849.00,2859.00,2588.00
53900,0.00,2870.00,2869.00,2614.00
54000,0.00,2871.00,2882.00,2616.00
54100,0.00,2942.00,2900.00,2618.00
54200,0.00,2907.00,2906.00,2658.00
54300,0.00,2986.00,2916.00,2686.00
54400,1.00,2994.00,2962.00,2725.00
54500,0.00,2926.00,2938.00,2659.00
54600,0.00,2945.00,2946.00,2697.00
54700,0.00,2962.00,2972.00,2677.00
54800,0.00,2955.00,2968.00,2687.00
54900,0.00,2970.00,2983.00,2701.00
55000,0.00,3016.00,2995.00,2746.00
55100,0.00,3054.00,3006.00,2757.00
55200,0.00,3008.00,3016.00,2724.00
55300,0.00,3015.00,3021.00,2746.00
55400,0.00,3052.00,3036.00,2745.00
55500,0.00,3071.00,3046.00,2764.00
55600,0.00,3045.00,3055.00,2792.00
55700,1.00,3103.00,3072.00,2778.00
55800,1.00,3063.00,3100.00,2788.00
55900,1.00,3075.00,3097.00,2796.00
56000,1.00,3143.00,3106.00,2808.00
56100,0.00,3127.00,3114.00,2852.00
56200,1.00,3182.00,3147.00,2844.00
56300,0.00,3167.00,3173.00,2857.00
56400,0.00,3195.00,3241.00,2890.00
56500,0.00,3148.00,3193.00,2904.00
56600,1.00,3209.00,3171.00,2916.00
56700,1.00,3220.00,3177.00,2877.00
56800,0.00,3197.00,3192.00,2891.00
56900,0.00,3190.00,3197.00,2897.00
57000,0.00,3234.00,3220.00,2927.00
57100,1.00,3212.00,3223.00,2918.00
57200,0.00,3221.00,3235.00,2929.00
57300,0.00,3322.00,3262.00,2968.00
57400,0.00,3248.00,3263.00,2952.00
57500,0.00,3267.00,3266.00,2977.00
57600,0.00,3308.00,3305.00,3001.00
57700,0.00,3524.00,3574.00,2980.00
57800,0.00,3431.00,3314.00,2990.00
57900,0.00,3331.00,3313.00,3077.00
58000,0.00,3318.00,3328.00,3016.00
58100,1.00,3316.00,3338.00,3027.00
58200,0.00,3337.00,3347.00,3057.00
58300,0.00,3358.00,3368.00,3090.00
58400,0.00,3375.00,3376.00,3050.00
58500,1.00,3384.00,3390.00,3079.00
58600,0.00,3381.00,3396.00,3072.00
58700,0.00,3450.00,3410.00,3085.00
58800,0.00,3483.00,3440.00,3111.00
58900,0.00,3415.00,3433.00,3111.00
59000,0.00,3426.00,3443.00,3182.00
59100,0.00,3443.00,3462.00,3129.00
59200,1.00,3450.00,3463.00,3133.00
59300,0.00,3498.00,3517.00,3153.00
59400,0.00,3476.00,3505.00,3229.00
59500,0.00,3654.00,3499.00,3176.00
59600,0.00,3503.00,3521.00,3212.00
59700,0.00,3507.00,3525.00,3205.00
59800,0.00,3588.00,3555.00,3202.00
59900,0.00,3700.00,3553.00,3216.00
60000,1.00,3555.00,3561.00,3232.00
60100,0.00,3595.00,3573.00,3238.00
60200,0.00,3704.00,3586.00,3261.00
60300,0.00,3589.00,3611.00,3269.00
60400,0.00,3679.00,3628.00,3338.00
60500,0.00,3599.00,3621.00,3355.00
60600,0.00,3695.00,3737.00,3399.00
60700,0.00,3671.00,3641.00,3297.00
60800,0.00,3750.00,3651.00,3312.00
60900,0.00,3771.00,3690.00,3317.00
61000,0.00,3729.00,3681.00,3331.00
61100,0.00,3696.00,3706.00,3349.00
61200,0.00,3708.00,3715.00,3360.00
61300,1.00,3811.00,3713.00,3363.00
61400,1.00,3752.00,3732.00,3386.00
61500,1.00,3733.00,3750.00,3387.00
61600,0.00,3761.00,3761.00,3397.00
61700,0.00,3747.00,3761.00,3439.00
61800,1.00,3782.00,3788.00,3482.00
61900,0.00,3934.00,3786.00,3433.00
62000,0.00,3788.00,3815.00,3441.00
62100,0.00,3793.00,3853.00,3458.00
62200,0.00,3841.00,3859.00,3506.00
62300,1.00,3887.00,3844.00,3475.00
62400,1.00,3878.00,3850.00,3487.00
62500,0.00,4026.00,3882.00,3535.00
62600,0.00,3877.00,3894.00,3508.00
62700,0.00,3998.00,3894.00,3538.00
62800,0.00,3887.00,3910.00,3534.00
62900,0.00,3942.00,3913.00,3540.00
63000,0.00,3944.00,3929.00,3549.00
63100,0.00,3930.00,3936.00,3571.00
63200,0.00,3964.00,3946.00,3702.00
63300,1.00,4010.00,4082.00,3624.00
63400,2.00,4001.00,3980.00,3596.00
63500,0.00,3988.00,3986.00,3607.00
63600,0.00,4006.00,3999.00,3623.00
63700,1.00,3993.00,4013.00,3630.00
63800,0.00,4058.00,4024.00,3697.00
63900,0.00,4020.00,4054.00,3657.00
64000,1.00,4031.00,4051.00,3664.00
64100,1.00,4046.00,4088.00,3705.00
64200,0.00,4209.00,4088.00,3689.00
64300,0.00,4070.00,4088.00,3701.00
64400,0.00,4105.00,4105.00,3709.00
64500,0.00,4164.00,4117.00,3731.00
64600,0.00,4269.00,4151.00,3756.00
64700,0.00,4142.00,4172.00,3744.00
64800,1.00,4132.00,4166.00,3762.00
64900,0.00,4167.00,4172.00,3780.00
65000,1.00,4177.00,4197.00,3820.00
65100,0.00,4256.00,4222.00,3801.00
65200,0.00,4223.00,4221.00,3855.00
65300,0.00,4203.00,4221.00,3838.00
65400,0.00,4214.00,4233.00,3828.00
65500,0.00,4250.00,4242.00,3836.00
65600,1.00,4228.00,4268.00,3858.00
65700,1.00,4295.00,4359.00,3887.00
65800,0.00,4400.00,4303.00,3931.00
65900,1.00,4299.00,4290.00,3885.00
66000,0.00,4407.00,4315.00,3915.00
66100,0.00,4404.00,4319.00,3922.00
66200,1.00,4344.00,4332.00,3950.00
66300,1.00,4329.00,4375.00,3960.00
66400,1.00,4440.00,4359.00,3949.00
66500,0.00,4440.00,4377.00,3965.00
66600,1.00,4402.00,4396.00,4018.00
66700,0.00,4380.00,4407.00,3987.00
66800,2.00,4518.00,4427.00,3999.00
66900,0.00,4487.00,4442.00,4044.00
67000,0.00,4471.00,4449.00,4063.00
67100,0.00,4472.00,4481.00,4062.00
67200,0.00,5565.00,4855.00,4143.00
67300,0.00,4558.00,4508.00,4080.00
67400,0.00,4547.00,4507.00,4073.00
67500,0.00,4562.00,4526.00,4095.00
67600,0.00,4509.00,4575.00,4159.00
67700,1.00,4551.00,4586.00,4145.00
67800,0.00,4549.00,4571.00,4138.00
67900,0.00,4689.00,4591.00,4189.00
68000,0.00,4762.00,4633.00,4245.00
68100,1.00,4793.00,4658.00,4249.00
68200,0.00,4664.00,4611.00,4187.00
68300,1.00,4600.00,4618.00,4202.00
68400,0.00,4792.00,4631.00,4233.00
68500,0.00,4731.00,4655.00,4236.00
68600,0.00,4676.00,4701.00,4299.00
68700,0.00,4736.00,4690.00,4294.00
68800,2.00,4665.00,4710.00,4246.00
68900,0.00,4715.00,4697.00,4275.00
69000,0.00,4823.00,4739.00,4314.00
69100,0.00,4830.00,4743.00,4283.00
69200,1.00,4768.00,4765.00,4296.00
69300,1.00,4760.00,4835.00,4313.00
69400,1.00,4802.00,4776.00,4344.00
69500,0.00,4888.00,4803.00,4338.00
69600,0.00,4829.00,4802.00,4371.00
69700,1.00,4839.00,4818.00,4378.00
69800,0.00,4818.00,4856.00,4371.00
69900,0.00,4937.00,4847.00,4401.00
70000,1.00,4964.00,4863.00,4403.00
70100,1.00,4838.00,4976.00,4488.00
70200,1.00,4968.00,4899.00,4419.00
70300,0.00,4912.00,4906.00,4448.00
70400,1.00,4880.00,4912.00,4466.00
70500,1.00,4996.00,4924.00,4478.00
70600,1.00,5057.00,4947.00,4473.00
70700,0.00,5145.00,4966.00,4506.00
70800,0.00,5067.00,4967.00,4501.00
70900,0.00,5115.00,4973.00,4554.00
71000,1.00,4967.00,4989.00,4579.00
71100,0.00,5027.00,5015.00,4590.00
71200,0.00,5048.00,5024.00,4538.00
71300,0.00,4997.00,5027.00,4555.00
71400,0.00,5092.00,5094.00,4582.00
71500,0.00,5139.00,5058.00,4687.00
71600,0.00,5073.00,5078.00,4602.00
71700,0.00,5084.00,5107.00,4697.00
71800,0.00,5094.00,5124.00,4662.00
71900,0.00,5107.00,5139.00,4658.00
72000,1.00,5168.00,5158.00,4710.00
72100,0.00,5144.00,5179.00,4741.00
72200,0.00,5317.00,5166.00,4691.00
72300,1.00,5214.00,5230.00,4698.00
72400,1.00,5183.00,5207.00,4731.00
72500,0.00,5286.00,5221.00,4744.00
72600,0.00,5229.00,5214.00,4718.00
72700,0.00,5290.00,5253.00,4740.00
72800,1.00,5329.00,5250.00,4768.00
72900,1.00,5306.00,5299.00,4783.00
73000,0.00,5314.00,5299.00,4825.00
73100,1.00,5297.00,5307.00,4786.00
73200,0.00,5358.00,5309.00,4804.00
73300,1.00,5315.00,5350.00,4827.00
73400,0.00,5372.00,5381.00,4850.00
73500,0.00,5397.00,5364.00,4850.00
73600,1.00,5348.00,5378.00,4993.00
73700,1.00,5399.00,5422.00,4906.00
73800,0.00,5400.00,5407.00,4969.00
73900,1.00,5472.00,5416.00,5209.00
74000,0.00,5474.00,5447.00,5128.00
74100,0.00,5550.00,5485.00,4961.00
74200,0.00,5570.00,5470.00,5078.00
74300,1.00,5502.00,5478.00,4950.00
74400,2.00,5500.00,5502.00,4987.00
74500,0.00,5533.00,5560.00,4988.00
74600,0.00,5542.00,5536.00,4992.00
74700,1.00,5560.00,5524.00,5024.00
74800,0.00,5628.00,5553.00,5019.00
74900,0.00,5626.00,5597.00,5034.00
75000,0.00,5723.00,5598.00,5077.00
75100,0.00,5612.00,5585.00,5063.00
75200,0.00,5599.00,5608.00,5170.00
75300,0.00,5612.00,5628.00,5164.00
75400,0.00,5692.00,5641.00,5117.00
75500,0.00,5738.00,5653.00,5126.00
75600,0.00,5672.00,5681.00,5118.00
75700,1.00,5687.00,5709.00,5198.00
75800,0.00,5745.00,5696.00,5277.00
75900,0.00,5762.00,5760.00,5181.00
76000,0.00,5735.00,5740.00,5197.00
76100,0.00,5819.00,5747.00,5208.00
76200,1.00,5736.00,5743.00,5218.00
76300,1.00,6065.00,5805.00,5322.00
76400,0.00,6028.00,5797.00,5251.00
76500,0.00,5832.00,5836.00,5246.00
76600,0.00,5847.00,5816.00,5268.00
76700,0.00,5798.00,5823.00,5289.00
76800,0.00,5851.00,5853.00,5322.00
76900,0.00,5863.00,5873.00,5336.00
77000,0.00,5970.00,5868.00,5526.00
77100,0.00,5906.00,5900.00,5360.00
77200,0.00,5978.00,5946.00,5356.00
77300,0.00,5880.00,5938.00,5375.00
77400,1.00,5951.00,5943.00,5429.00
77500,0.00,5918.00,5968.00,5428.00
77600,0.00,6109.00,6074.00,5421.00
77700,0.00,6008.00,6002.00,5470.00
77800,0.00,6110.00,5997.00,5475.00
77900,0.00,6065.00,6036.00,5442.00
78000,0.00,6174.00,6034.00,5461.00
78100,0.00,6056.00,6041.00,5521.00
78200,0.00,6037.00,6049.00,5489.00
78300,0.00,6194.00,6372.00,5580.00
78400,0.00,6142.00,6106.00,5560.00
78500,0.00,6095.00,6135.00,5591.00
78600,2.00,6108.00,6131.00,5557.00
78700,1.00,6134.00,6145.00,5632.00
78800,0.00,6201.00,6205.00,5658.00
78900,0.00,6206.00,6191.00,5661.00
79000,0.00,6183.00,6191.00,5608.00
79100,0.00,6208.00,6288.00,5851.00
79200,0.00,6675.00,7391.00,8221.00
79300,0.00,6937.00,6583.00,6057.00
79400,0.00,6752.00,6825.00,5989.00
79500,1.00,6556.00,6393.00,5758.00
79600,0.00,6318.00,6386.00,5773.00
79700,0.00,6459.00,6518.00,5962.00
79800,0.00,6677.00,6617.00,5958.00
79900,0.00,6664.00,6614.00,5996.00
80000,0.00,6611.00,6579.00,6032.00
80100,0.00,6538.00,6588.00,6020.00
80200,0.00,6665.00,6638.00,5985.00
80300,1.00,6552.00,6770.00,5991.00
80400,1.00,6754.00,6662.00,6016.00
80500,0.00,6776.00,6682.00,6111.00
80600,0.00,6838.00,6730.00,6076.00
80700,0.00,6948.00,6740.00,6287.00
80800,0.00,6925.00,6780.00,6134.00
80900,0.00,6744.00,7084.00,6264.00
81000,0.00,6752.00,6828.00,6179.00
81100,0.00,6689.00,6835.00,6170.00
81200,0.00,6840.00,6849.00,6137.00
81300,0.00,6991.00,8423.00,7793.00
81400,0.00,8506.00,8503.00,7755.00
81500,0.00,8524.00,8600.00,7759.00
81600,0.00,9494.00,8612.00,7633.00
81700,0.00,8570.00,8878.00,7759.00
81800,0.00,8801.00,8647.00,7802.00
81900,0.00,8818.00,8641.00,7661.00
82000,0.00,8811.00,8734.00,8905.00
82100,0.00,9258.00,8723.00,7800.00
82200,0.00,8688.00,8743.00,8148.00
82300,0.00,10020.00,8906.00,8303.00
82400,0.00,19683.00,27604.00,25641.00
82500,2.00,30734.00,29243.00,28148.00
82600,5.00,31155.00,29315.00,27390.00
82700,0.00,31688.00,29722.00,26825.00
82800,1.00,31944.00,30220.00,28107.00
82900,2.00,31490.00,30678.00,25332.00
83000,2.00,26622.00,28870.00,25958.00
83100,0.00,25270.00,25827.00,23894.00
83200,0.00,14434.00,20440.00,24635.00
83300,0.00,27142.00,27857.00,24733.00
83400,0.00,29524.00,30031.00,27620.00
83500,0.00,29390.00,28214.00,25090.00
83600,0.00,29407.00,26194.00,25079.00
83700,0.00,28468.00,27603.00,26011.00
83800,0.00,30567.00,31861.00,26108.00
83900,0.00,28749.00,28274.00,26994.00
84000,0.00,28714.00,28218.00,25968.00
84100,0.00,29029.00,30305.00,30117.00
84200,2.00,31067.00,29805.00,26369.00
84300,0.00,29219.00,29166.00,26601.00
84400,0.00,29250.00,29015.00,26649.00
84500,0.00,29543.00,29685.00,26874.00
84600,0.00,29527.00,29323.00,26771.00
84700,0.00,29597.00,29480.00,26817.00
84800,0.00,29683.00,29309.00,26974.00
84900,0.00,29802.00,29623.00,26944.00
85000,0.00,29811.00,29507.00,27307.00
85100,9.00,29842.00,29811.00,27542.00
85200,8.00,30010.00,31186.00,27739.00
85300,0.00,30202.00,29811.00,26714.00
85400,5.00,30296.00,29970.00,27392.00
85500,0.00,30457.00,29945.00,27395.00
85600,0.00,30241.00,30163.00,27440.00
85700,0.00,30345.00,30376.00,27656.00
85800,0.00,30739.00,30268.00,27548.00
85900,0.00,29452.00,18359.00,16441.00
86000,0.00,18194.00,18447.00,16519.00
86100,0.00,18378.00,17770.00,16639.00
86200,2.00,17824.00,18116.00,17004.00
86300,0.00,18411.00,17674.00,16629.00
86400,0.00,18095.00,18438.00,17107.00
86500,0.00,17775.00,18361.00,16930.00
86600,1.00,17608.00,18819.00,16987.00
86700,0.00,18053.00,17617.00,16833.00
86800,0.00,18349.00,18474.00,16831.00
86900,0.00,18880.00,19617.00,17179.00
87000,0.00,18978.00,17871.00,17031.00
87100,0.00,18533.00,18690.00,16978.00
87200,0.00,18434.00,18282.00,16408.00
87300,1.00,18444.00,19157.00,16744.00
87400,0.00,18476.00,18221.00,16812.00
87500,0.00,17789.00,18028.00,16385.00
87600,0.00,17918.00,18483.00,16167.00
87700,0.00,18266.00,18240.00,16249.00
87800,3.00,18668.00,18330.00,16903.00
87900,0.00,19475.00,19040.00,16896.00
88000,0.00,19136.00,18874.00,17052.00
88100,0.00,17848.00,17982.00,16428.00
88200,0.00,17665.00,18150.00,16943.00
88300,0.00,18335.00,18876.00,17201.00
88400,0.00,19307.00,19442.00,17049.00
88500,0.00,19184.00,18733.00,16865.00
88600,0.00,19088.00,18205.00,17924.00
88700,0.00,18569.00,19376.00,16840.00
88800,0.00,18953.00,19101.00,17239.00
88900,0.00,19198.00,18725.00,17794.00
89000,1.00,20189.00,19614.00,17393.00
89100,0.00,19392.00,18913.00,17536.00
89200,0.00,19202.00,19533.00,17792.00
89300,0.00,19805.00,19007.00,16561.00
89400,0.00,18481.00,18282.00,17384.00
89500,0.00,19112.00,20945.00,17942.00
89600,0.00,19052.00,19961.00,18511.00
89700,0.00,19856.00,19471.00,16595.00
89800,0.00,19299.00,19641.00,18032.00
89900,0.00,19776.00,19309.00,18890.00
90000,0.00,19370.00,20299.00,18334.00
90100,0.00,19473.00,19837.00,17961.00
90200,0.00,20148.00,19808.00,17641.00
90300,0.00,19994.00,20117.00,18205.00
90400,4.00,20079.00,19968.00,17899.00
90500,0.00,19392.00,20110.00,18633.00
90600,0.00,19735.00,20159.00,18283.00
90700,0.00,20200.00,19390.00,18532.00
90800,0.00,20693.00,20015.00,18643.00
90900,0.00,19905.00,19617.00,17519.00
91000,0.00,20209.00,19997.00,18478.00
91100,0.00,19866.00,19620.00,18686.00
91200,0.00,20778.00,20703.00,19412.00
91300,0.00,20888.00,20245.00,18414.00
91400,0.00,20107.00,20479.00,18996.00
91500,0.00,20550.00,20903.00,18558.00
91600,0.00,19902.00,20343.00,18467.00
91700,0.00,21184.00,19766.00,17970.00
91800,0.00,20629.00,20718.00,18587.00
91900,0.00,20548.00,21561.00,19163.00
92000,0.00,21278.00,20557.00,18972.00
92100,0.00,21769.00,20157.00,18483.00
92200,0.00,20953.00,21376.00,18902.00
92300,0.00,20474.00,20311.00,19072.00
92400,0.00,20882.00,21935.00,18732.00
92500,2.00,19802.00,16519.00,15148.00
92600,0.00,16223.00,16703.00,14788.00
92700,0.00,16271.00,16074.00,14642.00
92800,0.00,16310.00,16225.00,14728.00
92900,5.00,16280.00,16250.00,14903.00
93000,0.00,16596.00,16117.00,15036.00
93100,1.00,16499.00,16213.00,14916.00
93200,0.00,16667.00,16689.00,14498.00
93300,0.00,15678.00,15740.00,14023.00
93400,0.00,15960.00,15725.00,14517.00
93500,0.00,16035.00,15825.00,14640.00
93600,1.00,15822.00,16054.00,14990.00
93700,0.00,16045.00,15689.00,14317.00
93800,0.00,15741.00,16189.00,14527.00
93900,3.00,16365.00,15639.00,14521.00
94000,0.00,16049.00,17096.00,14481.00
94100,0.00,16278.00,15866.00,14374.00
94200,0.00,15987.00,15989.00,15240.00
94300,0.00,16284.00,16393.00,15211.00
94400,0.00,16431.00,15960.00,14814.00
94500,0.00,16683.00,16375.00,14742.00
94600,0.00,16350.00,16026.00,14702.00
94700,0.00,16251.00,16350.00,14789.00
94800,0.00,16408.00,16140.00,14833.00
94900,2.00,16560.00,15996.00,14744.00
95000,0.00,16261.00,16042.00,14899.00
95100,0.00,16627.00,16500.00,15000.00
95200,0.00,16980.00,16326.00,14955.00
95300,0.00,16340.00,16368.00,14836.00
95400,0.00,16337.00,16909.00,15478.00
95500,8.00,17104.00,17186.00,15306.00
95600,0.00,17132.00,17096.00,15287.00
95700,0.00,17212.00,17957.00,16058.00
95800,0.00,16774.00,16729.00,15094.00
95900,3.00,17378.00,16937.00,15186.00
96000,0.00,33880.00,41935.00,38991.00
96100,9.00,43179.00,2193612.00,16112.00
96200,2.00,13935.00,16702.00,18894.00
96300,0.00,17057.00,22014.00,19669.00
96400,1.00,21014.00,25065.00,22973.00
96500,1.00,20824.00,17071.00,17365.00
96600,0.00,17902.00,17582.00,16271.00
96700,1.00,17208.00,18846.00,15839.00
96800,0.00,17336.00,17670.00,15674.00
96900,1.00,20105.00,19759.00,17496.00
97000,0.00,16551.00,17095.00,15794.00
97100,1.00,16832.00,16561.00,16100.00
97200,0.00,17922.00,17224.00,15822.00
97300,1.00,18877.00,20905.00,17158.00
97400,0.00,21919.00,20699.00,18034.00
97500,0.00,19959.00,19818.00,18844.00
97600,1.00,19792.00,20083.00,18324.00
97700,0.00,19616.00,19431.00,18502.00
97800,0.00,18472.00,18493.00,16911.00
97900,0.00,18790.00,19159.00,19853.00
98000,0.00,21625.00,21011.00,18215.00
98100,1.00,19660.00,19538.00,18117.00
98200,1.00,18929.00,19226.00,17373.00
98300,1.00,19908.00,20453.00,19951.00
98400,2.00,22230.00,22255.00,21124.00
98500,1.00,21062.00,21712.00,19332.00
98600,0.00,21696.00,20714.00,19253.00
98700,1.00,21522.00,22665.00,20503.00
98800,0.00,20407.00,21104.00,20546.00
98900,1.00,22575.00,21742.00,19764.00
99000,1.00,21854.00,21312.00,20436.00
99100,1.00,21706.00,22045.00,15426.00
99200,0.00,12558.00,13388.00,12851.00
99300,1.00,22531.00,21579.00,20263.00
99400,1.00,12418.00,17977.00,20104.00
99500,0.00,21815.00,22005.00,20152.00
99600,0.00,22027.00,22595.00,20638.00
99700,1.00,22231.00,21873.00,17238.00
99800,0.00,13188.00,17446.00,13075.00
99900,0.00,12051.00,13445.00,12549.00
100000,1.00,12670.00,11973.00,13111.00
